,AQI,PM10,PM2_5,NO2,SO2,O3,temperature,humidity,wind_speed,respiratory_cases,cardiovascular_cases,hospital_admissions,health_impact_score,health_impact_class
6,29,174,68,186,96,44,34,24,6,10,2,2,65,1
26,99,123,3,77,51,162,35,93,9,5,9,2,67,1
31,85,28,34,92,7,269,11,35,4,11,1,2,71,1
32,32,5,177,121,18,47,25,80,14,6,3,2,61,1
37,48,96,59,155,33,127,35,32,13,13,2,4,63,1
42,17,259,156,4,12,152,12,44,5,8,3,2,77,1
56,44,69,106,186,9,187,24,14,18,8,5,2,77,1
58,22,176,32,1,32,44,7,75,12,11,9,4,36,3
66,70,200,65,186,5,5,9,33,5,11,6,1,73,1
68,37,146,55,54,9,283,26,99,4,6,8,1,69,1
72,2,298,52,136,68,65,4,54,18,13,5,2,63,1
77,37,240,17,28,41,286,24,84,3,11,5,1,70,1
83,31,139,127,147,66,116,20,63,3,15,3,2,77,1
99,53,121,172,93,78,5,37,47,7,8,6,3,74,1
109,38,32,41,112,28,84,28,47,12,7,6,1,42,2
111,80,52,95,91,89,27,12,23,15,7,4,3,63,1
123,55,116,32,71,1,181,13,42,15,11,2,1,58,2
128,3,84,106,123,18,40,2,90,7,11,7,4,47,2
131,111,5,43,145,54,141,16,89,3,10,5,1,72,1
149,139,120,22,21,83,37,28,43,9,10,6,5,66,1
168,20,172,163,131,90,27,30,25,15,12,9,2,74,1
171,8,288,36,3,70,161,14,77,16,10,7,2,57,2
175,87,170,95,84,56,7,25,55,10,13,2,1,72,1
206,50,164,32,164,5,30,14,23,15,8,8,1,56,2
213,112,27,20,15,81,147,3,20,4,11,9,2,60,1
239,88,154,2,142,92,8,13,85,15,11,8,5,60,1
244,7,147,16,17,73,36,2,67,3,9,6,1,29,3
285,17,15,95,48,64,100,31,89,5,12,2,1,42,2
290,15,216,40,167,10,34,27,59,18,11,4,4,52,2
291,18,95,183,148,23,26,15,93,15,7,11,1,69,1
299,42,292,46,36,95,174,32,83,15,9,6,2,74,1
300,25,112,19,95,89,283,1,35,5,7,6,1,64,1
307,161,79,47,82,30,17,6,16,3,19,3,1,76,1
311,39,1,32,70,65,13,21,33,15,8,8,1,28,3
312,12,299,77,9,51,128,2,56,8,8,10,3,65,1
318,78,85,18,58,38,12,26,36,9,5,6,4,42,2
335,20,153,190,80,51,71,35,53,4,11,6,2,75,1
342,86,18,109,143,49,21,27,18,1,14,8,4,67,1
353,81,76,172,22,9,82,21,72,4,8,6,1,76,1
369,34,178,31,53,11,161,11,12,5,6,7,1,55,2
377,11,40,63,175,75,64,22,30,2,9,9,1,46,2
379,140,209,16,12,7,61,8,87,16,8,4,2,72,1
429,58,275,65,58,98,15,16,95,15,8,3,2,69,1
430,71,28,130,30,51,18,35,33,10,11,10,4,55,2
433,50,227,101,16,47,181,9,17,19,4,3,1,78,1
436,36,239,24,81,97,218,15,63,9,10,5,1,73,1
440,42,52,115,55,22,125,39,61,1,13,5,1,58,2
449,41,36,83,96,97,145,8,34,6,13,6,3,61,1
456,5,29,4,153,85,4,20,49,2,12,2,2,24,3
470,6,168,27,4,69,140,15,90,6,11,6,3,40,2
497,38,157,151,150,27,37,31,34,2,9,5,3,76,1
514,22,58,152,114,30,29,32,24,16,11,3,3,56,2
519,75,11,192,13,23,141,11,48,3,10,1,2,78,1
528,28,85,85,1,60,31,25,31,8,8,5,4,38,3
539,64,2,125,12,72,297,9,10,14,8,3,4,78,1
542,114,170,68,39,66,43,22,98,2,8,4,2,75,1
546,56,137,110,159,16,61,12,70,9,11,4,2,74,1
556,67,49,96,6,30,153,22,62,18,11,7,1,59,2
557,14,151,21,59,38,189,14,51,15,11,1,2,48,2
576,73,222,58,35,37,195,22,72,15,9,3,1,79,1
586,37,98,70,12,43,272,19,36,10,9,14,3,64,1
587,64,132,46,95,6,123,20,40,17,10,3,4,62,1
597,86,153,65,101,7,128,28,93,1,13,5,1,76,1
598,96,282,15,125,84,14,32,86,3,8,5,2,76,1
599,20,14,14,140,82,151,15,86,14,12,2,4,42,2
600,84,105,39,50,32,19,16,61,7,10,3,4,51,2
603,44,59,97,93,81,113,11,95,9,13,4,2,62,1
610,19,139,22,12,15,79,3,56,14,9,8,2,33,3
656,141,21,134,22,69,41,32,93,3,18,4,1,79,1
665,76,155,58,55,74,50,8,45,2,8,6,2,63,1
666,122,35,16,3,97,38,29,35,13,16,4,1,50,2
668,93,38,85,116,11,14,1,71,16,11,5,1,61,1
704,31,69,156,176,69,15,29,26,14,11,5,1,68,1
722,33,2,93,86,22,228,26,25,12,11,4,3,59,2
750,58,97,74,41,15,255,5,24,7,13,2,2,71,1
754,69,106,12,151,23,54,20,56,5,12,14,1,54,2
772,63,25,165,64,18,83,6,55,18,11,4,2,69,1
775,74,141,31,110,19,94,29,50,15,9,4,1,62,1
784,90,81,8,10,20,230,10,35,11,10,3,1,61,1
790,76,178,42,170,4,99,9,68,11,12,12,3,75,1
801,76,74,93,20,38,97,9,72,17,8,2,2,61,1
809,56,33,9,4,5,295,5,56,16,8,6,1,51,2
833,88,80,29,131,25,239,39,58,11,13,6,2,76,1
842,89,53,59,134,10,84,37,63,18,12,1,2,63,1
850,33,132,58,95,76,125,27,15,10,14,9,1,59,2
856,18,223,54,26,61,54,5,33,3,10,8,1,49,2
866,77,75,45,149,74,97,18,32,3,8,4,5,67,1
874,12,4,131,145,94,282,17,67,10,11,7,3,76,1
875,78,111,108,95,60,117,20,69,12,11,6,2,79,1
880,115,65,37,42,15,120,4,87,6,11,7,1,65,1
883,52,168,196,11,1,56,4,14,5,11,2,1,78,1
888,49,88,64,138,9,247,7,82,12,9,5,2,74,1
899,42,29,168,72,22,220,38,69,11,6,8,4,77,1
901,13,212,80,77,39,6,4,11,12,7,8,2,50,2
925,11,283,135,31,60,66,9,11,2,13,7,1,71,1
929,128,51,26,71,46,46,22,83,15,12,6,1,61,1
930,69,33,57,21,63,182,31,45,8,12,7,1,57,2
938,58,122,155,142,44,36,32,26,2,14,2,3,79,1
962,122,49,43,120,10,30,1,55,3,4,3,1,65,1
988,123,158,54,17,16,98,37,68,12,8,6,2,73,1
1010,110,156,12,48,82,12,21,45,2,13,6,1,60,1
1013,19,64,43,65,8,190,36,28,11,12,5,2,44,2
1016,90,64,82,89,56,42,15,88,10,12,5,1,64,1
1034,38,58,147,21,25,60,15,93,19,9,6,2,54,2
1038,32,21,53,168,60,200,33,49,7,9,7,2,60,1
1047,12,272,20,79,16,34,31,16,9,9,10,1,45,2
1049,10,21,18,176,50,226,11,48,2,14,4,5,51,2
1072,21,139,144,153,64,92,27,44,12,4,7,2,75,1
1094,115,15,14,38,63,36,8,39,14,5,4,1,48,2
1105,86,113,165,58,57,2,38,54,11,12,7,2,77,1
1119,64,96,116,101,21,124,14,67,12,11,7,2,74,1
1132,40,14,131,176,57,106,1,39,14,14,2,1,70,1
1135,38,40,174,130,69,108,37,40,5,7,4,1,75,1
1159,14,59,179,73,81,155,10,86,1,11,10,2,72,1
1161,64,18,50,147,94,29,19,26,12,13,5,3,52,2
1168,3,11,58,109,80,20,1,71,14,2,7,3,30,3
1169,143,58,34,20,53,145,24,61,2,8,5,3,73,1
1184,51,173,47,182,72,19,34,29,17,10,5,2,63,1
1201,12,83,122,58,80,172,4,16,6,7,9,6,63,1
1202,11,57,186,110,43,132,20,60,17,12,2,2,70,1
1215,110,12,80,28,67,72,25,64,5,16,7,3,62,1
1216,41,295,38,138,71,115,3,67,19,9,4,1,77,1
1233,15,279,41,122,81,147,26,92,18,12,2,1,69,1
1246,65,74,116,159,59,53,22,79,17,7,4,2,72,1
1253,62,39,87,144,96,115,37,78,7,13,4,4,68,1
1262,155,22,22,79,9,91,24,60,18,11,7,3,68,1
1264,5,54,67,66,86,278,35,62,17,10,1,2,56,2
1265,36,172,62,51,58,213,32,72,10,11,2,1,67,1
1283,4,107,119,107,3,137,3,19,5,12,7,5,60,1
1291,66,287,23,2,24,106,15,63,16,11,6,3,63,1
1295,100,8,122,43,76,67,33,26,9,12,3,4,68,1
1296,83,73,11,100,36,197,34,94,3,7,4,3,64,1
1302,25,57,85,177,40,31,14,47,10,12,10,3,52,2
1310,40,36,106,199,49,31,2,79,14,17,4,1,61,1
1319,30,84,134,58,70,141,22,79,11,10,6,1,66,1
1387,65,279,36,190,92,3,35,27,8,9,5,1,76,1
1391,36,155,36,135,49,201,25,59,12,8,5,3,68,1
1402,18,152,109,181,71,155,17,12,6,5,6,6,78,1
1412,134,90,8,173,99,30,1,99,17,9,4,1,75,1
1422,20,163,85,156,50,150,7,80,9,15,5,2,71,1
1423,74,101,128,32,69,50,30,74,14,10,5,2,67,1
1435,14,200,6,18,73,48,36,64,6,8,7,8,34,3
1454,15,23,163,146,81,184,31,92,12,8,8,2,74,1
1458,107,106,54,92,85,15,31,29,16,12,1,3,66,1
1462,53,7,45,133,73,283,22,50,14,15,4,3,69,1
1465,24,90,193,22,79,23,9,41,12,14,3,1,62,1
1481,60,31,154,138,4,59,5,71,1,13,11,3,71,1
1483,2,48,126,70,85,191,18,75,3,13,5,1,60,1
1490,118,129,18,9,83,113,12,39,18,14,5,2,67,1
1513,9,20,199,11,15,177,22,99,8,9,4,3,62,1
1541,53,148,19,71,43,174,9,58,2,11,4,2,61,1
1543,128,50,10,128,77,93,30,14,6,5,7,1,69,1
1576,11,292,69,28,35,190,11,65,9,13,5,1,69,1
1592,64,121,6,135,65,129,15,18,16,4,4,2,60,1
1598,42,179,85,110,86,88,2,21,9,9,3,5,71,1
1606,33,54,21,5,91,26,32,11,3,13,5,1,25,3
1624,87,269,67,13,21,110,2,60,15,9,6,5,79,1
1628,48,38,145,168,8,125,18,45,3,13,5,5,76,1
1650,18,110,34,165,13,275,37,28,7,12,4,2,65,1
1668,58,134,106,32,12,232,15,17,8,13,2,2,78,1
1696,12,98,177,59,11,104,9,22,5,9,9,4,65,1
1697,67,182,113,48,16,140,16,89,2,5,3,1,79,1
1716,28,164,78,184,8,201,37,60,16,9,10,1,77,1
1720,71,35,61,53,38,162,37,25,12,16,4,2,58,2
1743,5,189,124,104,39,133,36,90,7,9,3,2,68,1
1746,9,152,162,108,53,7,25,39,6,11,6,2,63,1
1752,6,216,91,155,72,3,23,98,19,12,4,3,59,2
1758,54,11,16,197,60,78,12,38,9,12,4,1,50,2
1788,33,84,24,198,63,33,1,52,11,13,3,1,48,2
1790,75,53,7,192,79,82,5,85,19,12,2,2,59,2
1794,20,201,15,98,69,121,1,12,8,10,1,2,54,2
1795,42,56,191,34,83,146,25,98,17,10,7,5,76,1
1799,6,93,44,66,1,232,10,13,19,12,4,5,48,2
1808,87,131,21,3,47,19,27,91,7,13,6,2,46,2
1814,41,195,67,12,51,39,4,41,4,11,1,4,52,2
1821,60,97,150,29,27,152,26,47,11,7,3,3,75,1
1846,60,200,46,81,56,116,10,52,17,10,2,2,68,1
1867,82,22,87,152,47,157,16,89,9,9,5,5,76,1
1886,4,206,66,199,47,83,5,36,10,7,5,1,65,1
1901,2,71,171,137,18,58,2,92,19,10,6,7,61,1
1909,74,166,80,160,94,32,25,84,6,10,2,2,77,1
1929,32,181,107,146,40,78,34,48,14,9,3,4,71,1
1939,38,47,71,66,48,278,17,10,18,10,8,6,65,1
1948,164,58,29,2,22,171,12,98,18,11,5,2,78,1
1969,13,136,84,114,63,260,28,60,18,11,8,2,72,1
1980,93,65,94,73,59,128,5,28,7,5,7,2,75,1
1998,28,6,96,17,16,85,9,64,7,18,2,4,38,3
2003,124,68,81,88,54,69,16,27,2,8,2,1,78,1
2010,16,114,28,44,25,296,14,17,16,9,5,2,56,2
2018,10,28,102,124,26,171,35,35,9,10,4,2,55,2
2037,75,35,14,19,32,185,31,35,16,15,8,1,48,2
2049,40,16,5,129,60,172,5,20,13,12,6,1,47,2
2060,31,9,168,62,74,229,38,69,8,10,6,2,74,1
2102,78,14,189,102,67,4,23,30,12,13,6,2,75,1
2112,92,23,144,39,10,112,9,94,9,10,5,2,73,1
2131,6,270,46,65,98,250,5,87,18,5,5,3,73,1
2136,39,218,36,118,3,2,20,45,9,9,8,2,51,2
2151,86,38,160,17,38,78,34,62,15,6,7,1,71,1
2154,50,9,81,180,95,156,29,47,13,7,10,3,68,1
2182,16,94,159,34,3,100,26,56,17,9,8,3,57,2
2194,55,109,51,134,30,45,30,70,14,12,3,1,55,2
2212,9,123,79,190,83,134,27,39,14,4,2,1,65,1
2241,17,288,176,40,93,22,5,38,17,16,3,1,79,1
2250,46,77,128,184,7,123,32,45,15,10,9,2,76,1
2270,52,42,58,123,20,173,16,77,19,10,7,3,60,1
2283,22,159,75,4,89,276,19,97,6,9,6,1,69,1
2289,98,244,27,98,10,57,21,60,11,12,4,4,73,1
2295,3,59,147,153,51,210,11,13,11,8,6,3,74,1
2355,60,15,66,178,5,252,12,26,8,13,6,4,75,1
2357,33,130,40,23,60,118,33,59,3,4,5,2,46,2
2360,5,240,51,12,72,151,9,25,10,7,4,1,55,2
2365,21,70,56,172,75,6,15,19,10,8,5,2,45,2
2366,61,219,23,68,25,206,5,18,1,9,5,4,73,1
2393,71,199,41,52,90,140,14,28,6,6,6,3,72,1
2413,13,104,153,31,51,144,19,66,15,3,10,1,63,1
2418,15,157,5,48,81,246,23,16,15,15,7,2,53,2
2419,193,60,30,12,29,54,38,27,17,8,7,3,75,1
2421,11,239,14,54,70,205,23,89,11,7,6,3,58,2
2455,69,197,24,115,75,170,29,82,12,12,5,1,75,1
2483,74,231,59,67,16,73,17,73,13,13,1,2,70,1
2528,4,235,127,38,21,237,31,56,15,14,3,3,76,1
2537,71,140,3,64,25,215,21,43,3,12,4,2,64,1
2544,44,95,62,48,82,212,13,34,9,7,3,1,64,1
2546,38,159,34,88,86,27,38,40,10,13,3,4,47,2
2551,55,70,163,67,34,113,29,77,1,10,3,2,74,1
2554,36,229,63,157,20,112,12,73,9,12,3,4,73,1
2563,36,174,86,9,14,135,17,33,11,6,9,2,59,2
2586,35,134,185,48,47,94,30,19,6,9,7,1,76,1
2594,71,62,16,4,70,200,17,53,7,12,5,1,53,2
2596,135,72,49,21,84,36,33,67,3,9,6,3,66,1
2607,138,228,19,40,48,53,39,62,13,10,7,1,77,1
2615,50,35,54,103,85,42,27,18,9,9,6,4,46,2
2626,44,6,85,133,23,73,38,74,17,11,5,1,50,2
2632,2,124,163,85,76,204,12,34,14,6,6,4,77,1
2633,83,53,183,58,34,58,28,71,12,17,2,4,78,1
2653,26,298,40,41,86,115,23,96,2,7,2,1,64,1
2685,9,298,37,15,99,114,24,46,6,5,3,1,56,2
2686,62,166,40,71,22,57,25,57,13,14,6,4,55,2
2692,4,291,155,37,24,41,10,57,5,12,6,2,69,1
2703,8,95,177,50,90,99,33,10,12,6,7,5,64,1
2708,8,253,27,34,17,273,33,54,14,4,8,4,62,1
2726,32,266,37,60,41,84,6,86,15,9,5,2,59,2
2732,28,197,18,54,51,14,15,51,17,11,1,5,40,2
2739,37,274,158,9,96,53,31,61,13,4,4,3,79,1
2742,97,123,15,26,29,139,6,34,18,10,3,1,61,1
2743,70,121,92,174,24,31,34,64,8,15,4,1,71,1
2761,3,86,29,74,78,187,9,45,17,15,5,3,44,2
2770,38,230,17,29,67,150,8,95,7,9,3,2,58,2
2776,21,228,154,38,62,82,14,98,9,10,8,1,74,1
2777,82,153,10,44,59,195,29,77,14,7,5,2,67,1
2780,24,2,12,69,15,238,2,52,14,9,8,2,40,2
2807,80,4,17,57,43,134,17,86,15,13,3,2,47,2
2810,123,53,4,155,25,162,38,32,10,9,3,2,74,1
2817,6,85,68,166,65,247,26,72,4,15,6,5,67,1
2829,14,248,33,104,43,268,1,15,12,17,7,1,74,1
2837,22,215,154,80,2,130,29,10,11,8,4,2,78,1
2877,102,66,90,64,35,64,26,17,12,10,5,3,68,1
2883,35,155,93,156,5,185,24,33,7,10,4,3,77,1
2905,27,157,72,110,53,259,3,41,13,9,9,1,77,1
2932,39,16,51,152,70,246,15,28,9,9,5,3,65,1
2977,5,26,198,44,39,188,21,52,6,11,4,1,67,1
2981,117,42,54,124,9,79,4,24,7,4,10,3,70,1
2986,25,152,102,64,81,236,18,85,3,13,7,3,76,1
2994,65,252,50,8,7,153,8,19,6,9,5,4,70,1
3007,6,173,23,38,67,199,20,96,15,6,8,1,49,2
3024,28,12,176,108,15,169,1,67,9,14,3,1,73,1
3040,89,141,66,10,28,159,36,76,7,11,6,1,70,1
3042,56,206,27,161,33,37,39,18,15,7,4,3,61,1
3050,102,245,21,96,56,34,9,19,3,14,4,1,74,1
3053,143,3,7,67,8,103,17,77,11,10,2,2,61,1
3066,7,99,190,57,11,32,35,68,9,6,10,3,57,2
3077,52,93,128,35,45,65,1,53,5,9,3,2,63,1
3089,126,109,10,26,5,249,19,21,2,16,6,4,77,1
3097,50,166,68,49,93,256,35,39,16,13,4,4,78,1
3107,4,133,186,128,56,124,29,77,19,7,4,3,77,1
3113,45,47,3,157,3,101,13,36,8,11,2,1,44,2
3114,99,178,12,6,36,244,10,94,9,11,1,2,76,1
3122,31,200,22,154,84,154,12,51,3,14,7,1,68,1
3139,34,82,176,2,32,122,28,57,1,6,2,1,66,1
3161,10,82,116,17,88,27,2,21,10,7,7,2,42,2
3164,28,166,147,98,59,64,25,75,15,7,7,1,71,1
3174,35,208,57,29,42,79,34,12,17,13,4,2,53,2
3181,144,102,28,79,45,32,33,51,9,6,3,3,70,1
3182,154,142,14,24,37,62,36,20,17,7,3,2,71,1
3202,96,15,78,78,63,42,4,86,18,9,3,3,60,1
3223,9,136,157,27,99,33,35,30,8,8,1,3,56,2
3253,58,151,121,101,12,115,30,54,2,11,6,2,77,1
3257,103,9,6,66,72,257,27,63,4,12,6,2,67,1
3263,9,110,177,56,21,148,31,49,7,11,4,5,69,1
3271,4,99,158,151,73,181,33,93,9,10,3,4,77,1
3281,91,146,41,19,58,255,30,93,17,7,7,2,78,1
3321,33,156,69,101,80,72,26,63,19,9,3,6,58,2
3355,38,256,41,43,35,292,19,17,3,8,3,2,79,1
3384,16,27,51,60,2,68,10,13,4,13,5,3,30,3
3400,33,282,16,140,10,2,23,39,2,8,5,2,55,2
3401,47,19,154,41,26,234,35,76,8,10,6,2,73,1
3409,20,27,189,59,88,142,6,94,11,4,4,2,70,1
3412,11,79,121,188,70,45,26,60,17,8,4,3,60,1
3419,7,142,4,8,65,250,22,29,13,11,5,3,44,2
3442,105,91,20,64,99,16,34,41,2,10,5,1,56,2
3480,76,164,37,3,81,164,20,85,7,14,3,3,66,1
3487,25,283,29,188,46,62,7,23,10,8,2,3,68,1
3488,15,29,153,139,54,55,18,47,11,9,3,1,59,2
3490,42,148,180,64,61,62,37,20,11,9,6,2,76,1
3516,42,62,53,57,56,257,6,93,8,14,11,2,63,1
3539,31,33,105,50,4,59,29,57,12,11,7,3,42,2
3542,73,60,59,74,31,209,3,21,12,6,3,2,69,1
3543,171,23,31,20,66,36,22,70,5,8,3,1,67,1
3546,41,48,116,51,70,171,13,22,17,12,6,1,64,1
3562,28,262,2,30,17,47,30,14,7,13,3,1,41,2
3570,156,90,56,14,80,12,29,24,8,7,6,2,72,1
3576,97,79,40,31,28,97,3,53,17,11,3,3,58,2
3591,87,167,11,169,39,97,6,29,19,8,9,1,72,1
3602,92,33,1,38,83,127,38,63,17,7,3,4,49,2
3603,139,140,9,101,90,57,20,42,12,8,6,3,76,1
3604,109,21,29,40,29,24,31,60,16,18,7,3,46,2
3622,109,87,31,110,69,130,23,47,2,8,2,1,73,1
3631,76,71,151,119,59,18,25,54,4,9,2,7,75,1
3637,20,96,128,26,23,298,13,19,8,12,4,1,74,1
3654,15,286,81,174,35,117,32,53,8,8,3,1,78,1
3668,12,31,69,11,56,191,37,60,1,8,3,3,42,2
3681,62,104,76,1,13,113,24,50,19,14,3,3,54,2
3688,33,64,198,46,56,122,16,85,13,13,4,1,74,1
3695,15,26,46,42,85,103,7,81,1,7,4,1,34,3
3727,46,10,124,13,20,111,8,70,3,4,3,3,52,2
3760,59,30,2,112,50,85,15,60,13,5,2,2,42,2
3768,82,66,29,118,48,62,30,54,19,8,7,4,55,2
3782,5,119,186,22,81,210,1,55,3,4,5,1,77,1
3785,52,149,56,181,60,30,38,52,4,9,8,2,64,1
3791,33,51,61,50,48,159,12,46,13,9,6,1,49,2
3794,16,232,30,25,30,11,35,64,15,11,8,4,36,3
3797,51,61,71,87,21,100,11,65,19,15,6,1,54,2
3808,25,57,123,78,39,40,1,23,10,8,9,2,51,2
3809,26,132,195,2,7,126,1,82,18,18,8,3,72,1
3824,104,59,93,54,72,91,10,41,16,5,4,3,72,1
3825,42,280,62,102,56,48,17,91,7,9,5,4,69,1
3841,16,74,58,130,24,95,36,70,8,9,5,2,45,2
3855,38,14,109,19,46,152,22,51,11,13,2,5,52,2
3869,35,152,38,163,66,45,31,51,10,8,4,2,55,2
3903,125,144,26,137,65,5,35,87,12,7,4,3,72,1
3912,3,220,52,127,54,280,14,39,14,11,4,3,75,1
3929,60,2,61,68,90,192,25,24,12,10,11,2,59,2
3944,50,80,102,149,45,62,16,59,19,9,8,2,65,1
3945,8,72,64,129,89,152,17,53,3,5,5,1,54,2
3958,25,54,188,8,70,187,19,79,6,7,4,1,72,1
3964,5,139,41,2,59,132,6,30,6,10,4,1,39,3
3967,20,119,6,106,2,190,13,36,1,8,4,2,48,2
3982,112,79,52,72,32,106,19,56,13,6,4,3,69,1
4013,96,148,5,180,4,84,36,37,19,10,3,2,68,1
4019,114,122,85,20,60,53,16,82,9,4,8,3,73,1
4021,120,48,57,136,17,126,33,77,11,16,5,1,77,1
4045,213,23,6,4,7,45,11,67,5,9,8,1,72,1
4055,8,128,117,148,8,161,9,26,18,7,3,2,68,1
4065,51,17,23,35,81,275,34,73,11,12,3,3,54,2
4077,137,55,99,11,14,2,36,38,17,12,6,4,66,1
4089,22,6,188,39,94,179,24,21,11,10,7,3,70,1
4097,40,50,147,78,18,62,9,58,9,10,10,1,60,1
4098,129,9,80,31,48,166,18,47,11,3,5,3,76,1
4099,13,98,14,35,92,275,37,40,18,11,13,2,49,2
4103,87,135,10,108,18,107,32,86,14,16,5,4,61,1
4107,25,8,43,145,54,160,37,77,4,15,2,2,48,2
4113,44,159,72,141,1,240,39,78,16,6,3,2,79,1
4118,71,268,80,71,4,3,8,52,4,13,6,3,71,1
4131,108,3,76,27,21,173,27,83,10,7,4,2,67,1
4141,67,116,12,195,5,51,33,42,17,8,5,1,56,2
4146,51,227,110,18,43,25,1,79,15,10,4,1,65,1
4150,59,171,45,112,30,50,20,66,19,12,7,2,59,2
4155,6,214,128,116,40,27,34,51,14,12,6,1,63,1
4169,48,106,91,145,52,152,10,39,7,11,4,7,74,1
4170,88,180,39,15,78,217,21,82,15,6,4,2,78,1
4184,66,257,28,9,76,174,13,97,6,7,9,3,72,1
4202,62,99,16,13,90,102,2,13,4,6,5,2,47,2
4210,52,8,90,99,16,110,12,91,1,6,6,2,55,2
4234,10,185,170,135,75,77,9,36,19,7,3,1,79,1
4267,30,17,186,10,35,12,20,57,13,9,3,3,50,2
4280,81,48,52,9,13,21,16,32,6,9,3,3,42,2
4283,29,248,26,57,62,146,33,35,14,7,4,1,59,2
4291,39,294,20,79,14,33,10,60,4,9,6,3,56,2
4300,40,10,47,193,3,258,2,68,1,13,3,3,67,1
4335,27,235,96,80,1,216,31,96,10,8,5,3,78,1
4356,110,103,35,83,22,198,22,53,10,6,3,2,78,1
4366,40,128,148,82,71,54,21,65,8,12,4,2,70,1
4372,25,112,187,20,18,145,23,99,12,6,4,5,72,1
4380,31,90,94,6,56,257,17,38,5,12,3,2,65,1
4388,49,70,8,159,95,238,13,85,15,17,2,3,66,1
4393,22,47,108,104,24,229,6,64,3,14,7,3,67,1
4397,38,8,193,64,37,74,15,38,14,8,4,2,65,1
4400,61,99,22,199,11,59,18,34,11,13,6,2,57,2
4410,38,217,173,59,5,49,26,88,13,7,9,2,77,1
4411,2,289,83,154,5,79,4,79,17,9,2,2,68,1
4417,12,58,78,8,70,294,37,25,18,8,3,3,56,2
4418,167,78,21,5,37,36,11,20,5,13,4,3,67,1
4420,49,99,7,60,23,236,20,79,11,5,3,2,55,2
4426,118,99,113,22,68,12,25,88,10,12,9,2,73,1
4439,120,209,25,93,92,38,35,71,14,5,5,2,77,1
4455,29,141,15,172,66,95,20,64,4,6,2,2,54,2
4466,66,249,129,17,64,31,2,99,10,10,7,2,78,1
4486,12,107,9,88,19,57,13,27,6,8,5,2,30,3
4487,177,13,31,30,26,21,32,68,15,8,4,2,64,1
4502,144,16,101,41,14,103,32,65,15,8,6,2,78,1
4507,11,211,88,21,13,191,9,80,8,15,5,3,63,1
4519,11,213,38,121,22,216,14,45,11,8,5,5,66,1
4529,90,37,111,47,82,154,4,99,19,10,5,4,76,1
4531,99,42,59,161,38,88,25,43,10,10,6,1,71,1
4538,40,146,108,121,81,57,13,93,18,10,4,2,68,1
4546,6,113,87,27,59,266,20,64,18,11,8,2,61,1
4622,73,141,108,42,32,154,25,90,11,10,4,2,77,1
4666,52,15,7,62,79,208,39,61,17,11,9,1,46,2
4676,23,281,100,34,20,23,33,89,3,4,5,2,60,1
4729,83,31,151,97,92,13,24,43,7,5,6,2,72,1
4741,55,172,74,155,54,146,37,47,4,11,7,3,79,1
4742,17,175,3,128,56,137,37,55,13,6,3,3,50,2
4745,26,31,50,173,81,54,26,15,13,8,8,4,46,2
4756,4,130,105,138,74,218,3,52,15,11,6,2,74,1
4767,48,38,3,13,66,202,2,42,1,5,6,2,43,2
4780,34,187,86,148,90,10,12,57,9,10,10,3,65,1
4781,93,122,90,175,80,11,19,38,19,11,5,2,79,1
4790,53,62,141,126,69,115,14,36,13,10,5,1,76,1
4800,61,225,49,178,67,35,9,57,12,10,3,1,74,1
4806,38,262,88,35,23,171,1,81,10,6,1,1,76,1
4812,6,270,60,17,60,237,6,79,3,8,3,2,69,1
4819,99,166,50,122,22,82,14,72,7,16,3,2,77,1
4822,188,110,18,9,9,13,15,77,11,12,4,2,72,1
4838,19,203,8,109,28,248,33,67,6,16,5,4,63,1
4843,21,114,13,59,89,211,14,83,14,12,8,3,50,2
4856,73,73,84,77,14,110,3,72,5,5,6,1,65,1
4867,74,56,60,56,32,196,27,15,18,3,4,2,64,1
4871,66,74,63,76,39,276,19,29,13,12,1,3,75,1
4891,27,49,98,115,18,77,23,87,14,7,2,2,51,2
4898,44,34,35,34,42,296,31,67,17,9,3,5,56,2
4900,3,86,167,154,78,138,32,21,15,13,3,4,73,1
4976,61,2,128,105,59,119,22,78,16,14,6,3,67,1
4994,34,26,36,122,77,213,12,28,16,11,5,1,56,2
4996,59,111,9,61,86,281,28,46,19,15,4,1,67,1
5027,26,195,65,116,24,170,28,65,14,12,1,2,68,1
5029,60,256,4,162,19,96,26,67,11,10,3,3,69,1
5053,42,25,84,188,38,56,29,55,6,9,3,3,56,2
5065,18,134,115,190,78,44,37,79,9,6,6,1,67,1
5069,6,112,63,49,37,184,14,67,12,12,6,2,49,2
5073,42,154,132,133,51,117,34,47,13,10,1,1,79,1
5077,118,245,15,89,97,29,23,17,6,5,4,3,78,1
5083,119,183,15,69,10,30,17,89,17,7,8,1,66,1
5089,59,154,65,54,18,188,19,96,9,9,1,2,70,1
5099,19,1,74,188,91,97,1,47,13,9,3,4,53,2
5104,157,23,6,140,1,126,33,78,10,10,8,2,75,1
5122,28,232,43,149,50,68,37,47,16,9,8,1,62,1
5133,8,101,126,7,93,47,14,80,16,11,7,2,46,2
5141,63,67,105,55,21,127,12,82,6,13,7,1,65,1
5161,20,73,99,101,31,72,2,83,17,7,4,4,51,2
5172,10,107,67,195,29,131,13,66,7,6,7,5,60,1
5173,17,89,29,165,15,65,12,78,1,9,6,5,43,2
5209,90,210,5,42,19,18,24,58,3,11,8,3,54,2
5225,28,182,132,23,10,79,13,28,7,9,11,2,63,1
5235,3,12,6,34,7,247,26,89,1,9,4,4,30,3
5238,19,50,89,156,15,203,28,37,12,5,11,3,63,1
5250,193,26,3,50,39,109,36,11,3,5,5,3,77,1
5253,41,10,124,90,58,23,37,57,18,8,3,3,49,2
5256,34,100,45,94,52,179,10,14,6,18,5,1,58,2
5263,27,90,85,15,16,93,38,20,6,11,9,3,43,2
5287,25,219,7,117,31,123,23,59,15,8,5,4,54,2
5292,19,108,8,165,56,210,5,22,18,9,5,2,57,2
5293,10,220,97,69,69,156,15,93,2,10,4,2,69,1
5295,67,236,66,59,48,145,35,14,15,15,2,4,77,1
5299,13,192,32,92,31,176,39,40,18,7,5,5,55,2
5301,5,9,145,147,16,223,2,24,4,8,5,1,69,1
5324,27,48,174,196,61,94,10,48,4,10,5,3,79,1
5326,41,269,15,126,38,60,28,10,17,10,7,1,60,1
5356,84,62,19,185,65,171,25,94,11,10,8,2,72,1
5383,4,38,173,94,70,142,26,63,7,9,6,3,65,1
5396,46,68,141,147,62,22,30,27,8,13,4,1,67,1
5420,96,182,43,121,50,65,34,94,11,12,4,2,74,1
5431,44,51,6,21,50,102,28,30,17,9,3,3,32,3
5438,15,255,44,121,41,31,6,12,9,10,4,4,55,2
5462,34,34,113,48,17,136,9,76,7,9,4,1,54,2
5474,4,59,149,180,4,85,39,89,4,12,1,2,61,1
5501,25,139,160,123,8,98,29,51,8,8,5,5,74,1
5514,53,94,112,43,48,174,30,41,13,11,3,1,69,1
5520,417,42,119,69,33,280,15,66,5,5,6,2,100,4
5522,323,218,169,95,27,72,20,84,1,14,8,3,100,4
5523,229,49,133,42,33,64,4,42,3,11,3,1,100,2
5526,319,53,74,60,91,21,2,94,18,13,4,5,100,1
5527,40,257,29,64,9,181,26,49,11,9,11,2,67,2
5528,217,121,101,192,27,230,31,29,8,8,6,1,100,1
5529,146,119,91,117,10,34,33,90,11,12,2,2,87,2
5531,66,114,122,9,83,109,23,10,17,8,4,2,69,3
5532,345,261,157,21,61,82,1,19,10,11,4,2,100,4
5533,397,108,66,162,22,59,21,98,9,13,3,2,100,1
5534,81,285,166,124,87,59,34,13,18,10,3,1,100,1
5536,72,43,139,80,75,183,39,59,6,7,5,2,81,4
5537,438,53,58,107,84,206,31,26,18,10,7,4,100,2
5539,233,117,126,12,50,159,24,41,19,13,4,4,100,4
5540,53,1,117,119,37,285,28,34,1,16,5,4,80,4
5541,324,82,183,143,22,264,39,82,19,7,6,3,100,2
5544,313,40,133,55,59,263,20,38,4,11,6,3,100,3
5545,37,33,194,141,91,228,6,13,2,12,3,6,94,2
5546,56,276,166,152,35,101,38,14,1,11,3,1,100,3
5547,24,225,54,145,69,31,35,74,8,7,1,3,59,4
5548,128,176,85,164,64,204,18,20,4,6,5,1,100,3
5549,67,230,47,180,67,40,29,52,1,9,2,3,76,2
5555,355,125,62,80,46,201,8,89,3,11,3,1,100,2
5556,56,294,152,163,42,93,25,61,12,9,5,1,100,3
5557,367,104,166,25,36,206,10,95,13,9,6,2,100,1
5562,131,129,44,16,56,129,16,59,2,11,7,1,77,1
5572,410,206,29,18,27,165,39,67,15,5,5,2,100,3
5573,323,84,80,59,63,125,26,35,17,12,7,1,100,3
5574,323,144,20,185,31,55,13,83,6,12,6,1,100,2
5576,325,245,19,187,38,206,32,87,5,9,10,4,100,2
5577,491,296,158,198,91,297,32,24,6,6,4,2,100,2
5578,455,122,113,105,23,275,6,44,10,7,6,1,100,2
5579,219,3,144,57,57,204,14,20,8,10,7,1,100,3
5580,19,50,83,158,36,252,21,29,12,13,5,4,68,2
5582,413,183,19,50,56,186,37,90,12,14,2,6,100,3
5583,350,236,104,156,92,18,11,60,19,6,5,1,100,4
5584,229,76,102,86,10,212,8,39,14,15,4,3,100,3
5590,155,135,124,44,65,64,28,64,13,9,4,1,97,1
5592,33,126,138,152,29,80,9,40,14,13,6,3,73,1
5593,486,251,76,142,80,263,1,93,17,8,6,1,100,3
5594,180,177,26,132,52,29,26,97,4,11,6,1,94,4
5597,341,151,70,44,63,52,30,31,5,14,6,2,100,1
5598,331,119,6,54,19,47,35,43,19,13,3,3,100,4
5599,357,35,107,29,82,166,26,81,15,15,7,3,100,2
5604,19,91,113,114,23,173,34,13,9,9,10,2,65,1
5606,434,112,105,178,57,12,30,98,17,7,5,2,100,4
5609,229,211,122,140,39,45,30,97,17,10,8,1,100,3
5610,38,78,145,168,29,116,33,36,18,7,7,2,75,3
5611,335,282,152,107,71,106,36,46,11,10,7,1,100,4
5613,122,249,132,95,44,179,22,19,15,3,5,2,100,1
5621,455,293,45,28,77,146,10,94,12,5,6,3,100,2
5622,410,139,101,71,39,108,24,34,15,15,1,2,100,1
5624,24,152,1,113,82,129,1,48,14,5,6,3,50,2
5625,421,148,156,43,98,4,34,12,2,11,10,4,100,1
5628,273,235,36,109,59,45,19,59,11,11,1,2,100,3
5629,45,88,118,66,12,233,37,20,6,10,8,4,74,3
5630,378,163,85,126,72,82,31,59,4,8,3,1,100,3
5631,291,67,66,13,60,29,38,13,1,10,3,1,100,2
5634,92,249,4,12,44,10,37,37,19,6,4,2,55,3
5635,28,268,193,176,52,42,11,33,17,12,3,5,97,1
5636,293,124,161,28,39,97,7,50,17,11,8,5,100,2
5637,420,5,150,134,71,93,12,65,11,14,4,1,100,2
5638,8,258,152,78,87,240,30,27,1,17,3,2,93,4
5639,24,52,77,79,84,252,35,82,18,8,5,2,62,1
5641,409,7,77,99,1,37,13,10,10,14,3,2,100,3
5644,298,30,58,118,88,289,29,72,3,19,5,1,100,1
5645,137,127,110,152,19,2,12,25,7,9,4,3,91,2
5648,312,260,98,157,64,248,10,60,14,7,6,3,100,1
5649,290,71,171,189,41,18,27,26,17,15,5,1,100,2
5652,102,100,49,17,27,22,31,32,7,15,4,4,54,4
5654,63,9,103,82,20,47,6,53,7,12,6,3,53,4
5655,64,40,149,167,69,221,19,30,1,13,4,3,94,4
5658,481,257,75,3,40,113,9,48,5,8,3,3,100,1
5659,314,17,72,92,30,3,39,92,17,11,1,4,100,2
5660,92,64,78,180,51,77,21,89,4,10,6,4,76,3
5662,406,129,64,6,96,208,2,25,4,9,5,2,100,2
5672,320,173,112,131,27,146,3,78,3,11,8,3,100,4
5677,83,228,150,24,60,150,31,83,18,7,6,2,96,1
5678,356,144,86,43,54,282,15,60,3,6,8,1,100,1
5680,117,88,12,171,75,127,4,74,3,7,4,3,79,1
5681,247,124,17,190,77,2,38,83,9,22,3,2,100,1
5682,457,236,165,15,49,40,38,94,8,13,5,5,100,3
5691,78,202,101,2,55,143,18,61,1,9,5,3,80,2
5692,341,102,101,70,48,101,36,55,16,14,5,2,100,4
5696,223,48,179,178,10,196,4,75,3,10,1,1,100,3
5697,202,101,80,167,28,20,32,46,2,10,2,1,100,2
5698,492,100,77,50,70,234,12,94,6,3,6,1,100,4
5703,126,222,160,36,30,117,10,71,7,11,3,4,100,1
5705,132,112,53,79,89,77,19,23,8,9,6,2,80,2
5708,328,256,146,78,46,6,29,57,7,8,6,3,100,4
5710,84,5,33,178,58,95,22,50,14,12,4,3,61,3
5711,484,64,181,173,5,9,37,88,10,8,3,4,100,3
5713,472,171,197,44,30,94,10,36,18,10,4,1,100,4
5715,150,33,52,195,8,13,12,94,19,7,5,2,78,1
5720,52,25,158,85,34,298,27,78,6,20,4,3,88,2
5721,211,270,51,140,56,85,1,75,9,8,4,1,100,1
5722,397,37,88,170,61,216,32,22,5,12,4,1,100,2
5723,70,117,131,101,97,66,27,55,6,14,8,4,79,3
5727,48,178,22,187,76,102,19,20,15,7,8,2,68,1
5728,83,212,156,63,63,2,30,37,7,9,6,2,85,2
5730,410,36,131,143,2,157,2,55,17,10,4,2,100,4
5733,268,135,78,124,59,235,17,34,14,8,7,1,100,3
5735,341,152,45,33,90,146,5,72,13,17,4,5,100,1
5738,19,285,113,54,20,11,7,77,15,8,3,2,63,3
5741,284,243,38,166,81,79,12,26,4,7,4,4,100,2
5746,337,246,130,92,58,200,11,91,6,8,8,2,100,1
5747,489,36,43,119,96,112,1,44,6,9,2,1,100,3
5748,492,254,40,83,10,187,11,56,13,5,4,2,100,1
5749,343,124,64,32,12,299,6,76,11,13,4,2,100,3
5756,315,148,193,91,20,113,11,81,17,9,6,3,100,1
5758,218,226,144,31,33,298,6,49,5,11,5,1,100,4
5759,155,82,151,54,18,220,34,35,18,12,3,1,100,3
5763,87,234,154,70,66,261,31,34,3,10,8,1,100,4
5769,456,32,173,186,44,44,6,32,10,4,2,1,100,2
5771,360,268,156,145,19,270,2,79,13,12,8,2,100,1
5772,128,214,81,146,57,190,2,86,3,14,6,3,100,3
5775,187,124,127,98,14,202,8,55,9,10,3,2,100,1
5776,313,13,32,135,75,155,4,87,7,6,5,5,100,2
5777,73,235,196,29,32,264,32,28,14,13,7,2,100,2
5778,411,203,140,51,24,170,15,47,13,11,3,2,100,2
5781,202,100,152,99,27,133,36,90,19,9,5,1,100,2
5783,53,261,134,128,68,197,25,79,6,4,3,1,100,2
5784,8,239,58,97,34,262,37,41,15,10,7,4,73,3
5786,134,39,22,129,72,92,15,94,10,8,4,3,73,3
5788,499,196,48,68,46,58,9,71,19,9,5,1,100,4
5792,482,241,15,187,54,247,23,34,10,9,3,2,100,3
5793,457,113,183,86,19,76,11,85,6,14,4,2,100,2
5799,81,271,35,99,97,40,35,13,10,11,7,1,75,2
5803,407,7,4,91,22,164,26,49,19,14,6,2,100,3
5804,189,235,29,144,62,153,18,42,15,9,3,1,100,3
5805,44,96,5,86,3,283,11,34,12,13,4,1,59,1
5806,171,11,197,158,17,280,37,61,4,14,5,2,100,4
5807,490,275,55,132,29,108,34,21,6,8,6,2,100,3
5808,314,41,184,82,68,105,22,92,2,12,2,3,100,1
5809,208,165,199,100,87,166,36,25,10,6,2,3,100,4
